-- ============================================
-- CREDIT-LINK PLATFORM - DUMMY DATA
-- For DBMS Project Final Report
-- ============================================

-- Clean existing data (in reverse order of dependencies)
DELETE FROM repayment_transactions;
DELETE FROM repayment_schedules;
DELETE FROM loan_contracts;
DELETE FROM loan_applications;
DELETE FROM loan_products;
DELETE FROM notification_logs;
DELETE FROM audit_logs;
DELETE FROM wallet_transactions;
DELETE FROM credit_scores;
DELETE FROM wallets;
DELETE FROM kyc_documents;
DELETE FROM users;

-- ============================================
-- 1. INSERT USERS (Borrowers, Lenders, Admin)
-- ============================================

-- Admin User
INSERT INTO users (id, name, email, phone, password_hash, role, status, created_at, updated_at)
VALUES 
    ('a0000000-0000-0000-0000-000000000001', 'Admin User', 'admin@creditlink.com', '9000000001', '$2a$10$xJwL5r1QJZJ5X5X5X5X5XuYwYwYwYwYwYwYwYwYwYwYwYwYwYwYwYw', 'ADMIN', 'ACTIVE', NOW(), NOW());

-- Lenders
INSERT INTO users (id, name, email, phone, password_hash, role, status, created_at, updated_at)
VALUES 
    ('l0000000-0000-0000-0000-000000000001', 'Amit Kumar', 'amit.lender@example.com', '9100000001', '$2a$10$xJwL5r1QJZJ5X5X5X5X5XuYwYwYwYwYwYwYwYwYwYwYwYwYwYwYwYw', 'LENDER', 'ACTIVE', NOW() - INTERVAL '60 days', NOW()),
    ('l0000000-0000-0000-0000-000000000002', 'Sunita Verma', 'sunita.lender@example.com', '9100000002', '$2a$10$xJwL5r1QJZJ5X5X5X5X5XuYwYwYwYwYwYwYwYwYwYwYwYwYwYwYwYw', 'LENDER', 'ACTIVE', NOW() - INTERVAL '45 days', NOW()),
    ('l0000000-0000-0000-0000-000000000003', 'Rajesh Gupta', 'rajesh.lender@example.com', '9100000003', '$2a$10$xJwL5r1QJZJ5X5X5X5X5XuYwYwYwYwYwYwYwYwYwYwYwYwYwYwYwYw', 'LENDER', 'ACTIVE', NOW() - INTERVAL '30 days', NOW());

-- Borrowers
INSERT INTO users (id, name, email, phone, password_hash, role, status, created_at, updated_at)
VALUES 
    ('b0000000-0000-0000-0000-000000000001', 'Rahul Sharma', 'rahul@example.com', '9876543210', '$2a$10$xJwL5r1QJZJ5X5X5X5X5XuYwYwYwYwYwYwYwYwYwYwYwYwYwYwYwYw', 'BORROWER', 'ACTIVE', NOW() - INTERVAL '90 days', NOW()),
    ('b0000000-0000-0000-0000-000000000002', 'Priya Patel', 'priya@example.com', '9876543211', '$2a$10$xJwL5r1QJZJ5X5X5X5X5XuYwYwYwYwYwYwYwYwYwYwYwYwYwYwYwYw', 'BORROWER', 'ACTIVE', NOW() - INTERVAL '75 days', NOW()),
    ('b0000000-0000-0000-0000-000000000003', 'Vikram Singh', 'vikram@example.com', '9876543212', '$2a$10$xJwL5r1QJZJ5X5X5X5X5XuYwYwYwYwYwYwYwYwYwYwYwYwYwYwYwYw', 'BORROWER', 'ACTIVE', NOW() - INTERVAL '60 days', NOW()),
    ('b0000000-0000-0000-0000-000000000004', 'Anjali Reddy', 'anjali@example.com', '9876543213', '$2a$10$xJwL5r1QJZJ5X5X5X5X5XuYwYwYwYwYwYwYwYwYwYwYwYwYwYwYwYw', 'BORROWER', 'ACTIVE', NOW() - INTERVAL '45 days', NOW()),
    ('b0000000-0000-0000-0000-000000000005', 'Deepak Joshi', 'deepak@example.com', '9876543214', '$2a$10$xJwL5r1QJZJ5X5X5X5X5XuYwYwYwYwYwYwYwYwYwYwYwYwYwYwYwYw', 'BORROWER', 'ACTIVE', NOW() - INTERVAL '30 days', NOW());

-- ============================================
-- 2. INSERT WALLETS
-- ============================================

-- Admin Wallet
INSERT INTO wallets (id, user_id, current_balance, created_at, updated_at)
VALUES ('w0000000-0000-0000-0000-000000000001', 'a0000000-0000-0000-0000-000000000001', 0.00, NOW(), NOW());

-- Lender Wallets (with high balance)
INSERT INTO wallets (id, user_id, current_balance, created_at, updated_at)
VALUES 
    ('w0000000-0000-0000-0000-000000000002', 'l0000000-0000-0000-0000-000000000001', 500000.00, NOW() - INTERVAL '60 days', NOW()),
    ('w0000000-0000-0000-0000-000000000003', 'l0000000-0000-0000-0000-000000000002', 350000.00, NOW() - INTERVAL '45 days', NOW()),
    ('w0000000-0000-0000-0000-000000000004', 'l0000000-0000-0000-0000-000000000003', 250000.00, NOW() - INTERVAL '30 days', NOW());

-- Borrower Wallets
INSERT INTO wallets (id, user_id, current_balance, created_at, updated_at)
VALUES 
    ('w0000000-0000-0000-0000-000000000005', 'b0000000-0000-0000-0000-000000000001', 45000.00, NOW() - INTERVAL '90 days', NOW()),
    ('w0000000-0000-0000-0000-000000000006', 'b0000000-0000-0000-0000-000000000002', 32000.00, NOW() - INTERVAL '75 days', NOW()),
    ('w0000000-0000-0000-0000-000000000007', 'b0000000-0000-0000-0000-000000000003', 28000.00, NOW() - INTERVAL '60 days', NOW()),
    ('w0000000-0000-0000-0000-000000000008', 'b0000000-0000-0000-0000-000000000004', 15000.00, NOW() - INTERVAL '45 days', NOW()),
    ('w0000000-0000-0000-0000-000000000009', 'b0000000-0000-0000-0000-000000000005', 8000.00, NOW() - INTERVAL '30 days', NOW());

-- ============================================
-- 3. INSERT CREDIT SCORES
-- ============================================

INSERT INTO credit_scores (id, user_id, score, total_loans_taken, defaults_count, on_time_payments, late_payments, last_updated)
VALUES 
    ('c0000000-0000-0000-0000-000000000001', 'a0000000-0000-0000-0000-000000000001', 600, 0, 0, 0, 0, NOW()),
    ('c0000000-0000-0000-0000-000000000002', 'l0000000-0000-0000-0000-000000000001', 750, 0, 0, 0, 0, NOW()),
    ('c0000000-0000-0000-0000-000000000003', 'l0000000-0000-0000-0000-000000000002', 720, 0, 0, 0, 0, NOW()),
    ('c0000000-0000-0000-0000-000000000004', 'l0000000-0000-0000-0000-000000000003', 700, 0, 0, 0, 0, NOW()),
    ('c0000000-0000-0000-0000-000000000005', 'b0000000-0000-0000-0000-000000000001', 720, 3, 0, 15, 2, NOW()),
    ('c0000000-0000-0000-0000-000000000006', 'b0000000-0000-0000-0000-000000000002', 680, 2, 0, 8, 4, NOW()),
    ('c0000000-0000-0000-0000-000000000007', 'b0000000-0000-0000-0000-000000000003', 780, 5, 0, 25, 1, NOW()),
    ('c0000000-0000-0000-0000-000000000008', 'b0000000-0000-0000-0000-000000000004', 620, 1, 0, 3, 3, NOW()),
    ('c0000000-0000-0000-0000-000000000009', 'b0000000-0000-0000-0000-000000000005', 550, 1, 1, 2, 5, NOW());

-- ============================================
-- 4. INSERT KYC DOCUMENTS
-- ============================================

INSERT INTO kyc_documents (id, user_id, doc_type, doc_number, verification_status, verified_at, created_at)
VALUES 
    -- Rahul's KYC (Verified)
    ('k0000000-0000-0000-0000-000000000001', 'b0000000-0000-0000-0000-000000000001', 'AADHAAR', '1234-5678-9012', 'VERIFIED', NOW() - INTERVAL '85 days', NOW() - INTERVAL '88 days'),
    ('k0000000-0000-0000-0000-000000000002', 'b0000000-0000-0000-0000-000000000001', 'PAN', 'ABCDE1234F', 'VERIFIED', NOW() - INTERVAL '85 days', NOW() - INTERVAL '88 days'),
    -- Priya's KYC (Verified)
    ('k0000000-0000-0000-0000-000000000003', 'b0000000-0000-0000-0000-000000000002', 'AADHAAR', '2345-6789-0123', 'VERIFIED', NOW() - INTERVAL '70 days', NOW() - INTERVAL '73 days'),
    -- Vikram's KYC (Verified)
    ('k0000000-0000-0000-0000-000000000004', 'b0000000-0000-0000-0000-000000000003', 'AADHAAR', '3456-7890-1234', 'VERIFIED', NOW() - INTERVAL '55 days', NOW() - INTERVAL '58 days'),
    ('k0000000-0000-0000-0000-000000000005', 'b0000000-0000-0000-0000-000000000003', 'PASSPORT', 'J1234567', 'VERIFIED', NOW() - INTERVAL '55 days', NOW() - INTERVAL '58 days'),
    -- Anjali's KYC (Pending)
    ('k0000000-0000-0000-0000-000000000006', 'b0000000-0000-0000-0000-000000000004', 'AADHAAR', '4567-8901-2345', 'PENDING', NULL, NOW() - INTERVAL '40 days'),
    -- Deepak's KYC (Rejected)
    ('k0000000-0000-0000-0000-000000000007', 'b0000000-0000-0000-0000-000000000005', 'AADHAAR', '5678-9012-3456', 'REJECTED', NULL, NOW() - INTERVAL '25 days'),
    -- Lenders KYC (Verified)
    ('k0000000-0000-0000-0000-000000000008', 'l0000000-0000-0000-0000-000000000001', 'PAN', 'LMNOP5678Q', 'VERIFIED', NOW() - INTERVAL '58 days', NOW() - INTERVAL '60 days'),
    ('k0000000-0000-0000-0000-000000000009', 'l0000000-0000-0000-0000-000000000002', 'PAN', 'QRSTU9012V', 'VERIFIED', NOW() - INTERVAL '43 days', NOW() - INTERVAL '45 days'),
    ('k0000000-0000-0000-0000-000000000010', 'l0000000-0000-0000-0000-000000000003', 'PAN', 'VWXYZ3456A', 'VERIFIED', NOW() - INTERVAL '28 days', NOW() - INTERVAL '30 days');

-- ============================================
-- 5. INSERT LOAN PRODUCTS
-- ============================================

INSERT INTO loan_products (id, name, min_amount, max_amount, interest_rate, tenure_months, processing_fee, is_active, created_at)
VALUES 
    ('p0000000-0000-0000-0000-000000000001', 'Personal Loan', 10000.00, 100000.00, 12.00, 12, 500.00, TRUE, NOW() - INTERVAL '100 days'),
    ('p0000000-0000-0000-0000-000000000002', 'Education Loan', 50000.00, 500000.00, 10.50, 24, 1000.00, TRUE, NOW() - INTERVAL '100 days'),
    ('p0000000-0000-0000-0000-000000000003', 'Emergency Loan', 5000.00, 50000.00, 15.00, 6, 250.00, TRUE, NOW() - INTERVAL '100 days'),
    ('p0000000-0000-0000-0000-000000000004', 'Business Loan', 100000.00, 1000000.00, 14.00, 36, 2000.00, TRUE, NOW() - INTERVAL '100 days'),
    ('p0000000-0000-0000-0000-000000000005', 'Home Improvement Loan', 25000.00, 250000.00, 11.50, 18, 750.00, FALSE, NOW() - INTERVAL '100 days');

-- ============================================
-- 6. INSERT LOAN APPLICATIONS
-- ============================================

INSERT INTO loan_applications (id, borrower_id, product_id, requested_amount, status, purpose, rejection_reason, created_at, reviewed_at, reviewed_by)
VALUES 
    -- Rahul's Applications
    ('la000000-0000-0000-0000-000000000001', 'b0000000-0000-0000-0000-000000000001', 'p0000000-0000-0000-0000-000000000001', 30000.00, 'APPROVED', 'Home renovation', NULL, NOW() - INTERVAL '80 days', NOW() - INTERVAL '79 days', 'a0000000-0000-0000-0000-000000000001'),
    ('la000000-0000-0000-0000-000000000002', 'b0000000-0000-0000-0000-000000000001', 'p0000000-0000-0000-0000-000000000003', 15000.00, 'APPROVED', 'Medical emergency', NULL, NOW() - INTERVAL '50 days', NOW() - INTERVAL '49 days', 'a0000000-0000-0000-0000-000000000001'),
    -- Priya's Applications
    ('la000000-0000-0000-0000-000000000003', 'b0000000-0000-0000-0000-000000000002', 'p0000000-0000-0000-0000-000000000002', 100000.00, 'APPROVED', 'Higher education', NULL, NOW() - INTERVAL '65 days', NOW() - INTERVAL '64 days', 'a0000000-0000-0000-0000-000000000001'),
    ('la000000-0000-0000-0000-000000000004', 'b0000000-0000-0000-0000-000000000002', 'p0000000-0000-0000-0000-000000000001', 25000.00, 'REJECTED', 'Vacation', 'Insufficient credit score for luxury expenses', NOW() - INTERVAL '30 days', NOW() - INTERVAL '29 days', 'a0000000-0000-0000-0000-000000000001'),
    -- Vikram's Applications
    ('la000000-0000-0000-0000-000000000005', 'b0000000-0000-0000-0000-000000000003', 'p0000000-0000-0000-0000-000000000001', 50000.00, 'APPROVED', 'Business expansion', NULL, NOW() - INTERVAL '50 days', NOW() - INTERVAL '49 days', 'a0000000-0000-0000-0000-000000000001'),
    ('la000000-0000-0000-0000-000000000006', 'b0000000-0000-0000-0000-000000000003', 'p0000000-0000-0000-0000-000000000003', 20000.00, 'APPROVED', 'Vehicle repair', NULL, NOW() - INTERVAL '35 days', NOW() - INTERVAL '34 days', 'a0000000-0000-0000-0000-000000000001'),
    -- Anjali's Applications (Pending - KYC not verified)
    ('la000000-0000-0000-0000-000000000007', 'b0000000-0000-0000-0000-000000000004', 'p0000000-0000-0000-0000-000000000001', 40000.00, 'PENDING', 'Wedding expenses', NULL, NOW() - INTERVAL '10 days', NULL, NULL),
    -- Deepak's Applications (Rejected - Poor credit)
    ('la000000-0000-0000-0000-000000000008', 'b0000000-0000-0000-0000-000000000005', 'p0000000-0000-0000-0000-000000000001', 35000.00, 'REJECTED', 'Debt consolidation', 'Credit score below minimum requirement', NOW() - INTERVAL '20 days', NOW() - INTERVAL '19 days', 'a0000000-0000-0000-0000-000000000001');

-- ============================================
-- 7. INSERT LOAN CONTRACTS
-- ============================================

INSERT INTO loan_contracts (id, application_id, lender_id, principal_amount, interest_rate, tenure_months, start_date, end_date, status, created_at, updated_at)
VALUES 
    -- Rahul's Loans
    ('lc000000-0000-0000-0000-000000000001', 'la000000-0000-0000-0000-000000000001', 'l0000000-0000-0000-0000-000000000001', 30000.00, 12.00, 12, NOW() - INTERVAL '78 days', NOW() + INTERVAL '284 days', 'ACTIVE', NOW() - INTERVAL '78 days', NOW()),
    ('lc000000-0000-0000-0000-000000000002', 'la000000-0000-0000-0000-000000000002', 'l0000000-0000-0000-0000-000000000002', 15000.00, 15.00, 6, NOW() - INTERVAL '48 days', NOW() + INTERVAL '132 days', 'ACTIVE', NOW() - INTERVAL '48 days', NOW()),
    -- Priya's Loan
    ('lc000000-0000-0000-0000-000000000003', 'la000000-0000-0000-0000-000000000003', 'l0000000-0000-0000-0000-000000000001', 100000.00, 10.50, 24, NOW() - INTERVAL '63 days', NOW() + INTERVAL '667 days', 'ACTIVE', NOW() - INTERVAL '63 days', NOW()),
    -- Vikram's Loans
    ('lc000000-0000-0000-0000-000000000004', 'la000000-0000-0000-0000-000000000005', 'l0000000-0000-0000-0000-000000000003', 50000.00, 12.00, 12, NOW() - INTERVAL '48 days', NOW() + INTERVAL '317 days', 'ACTIVE', NOW() - INTERVAL '48 days', NOW()),
    ('lc000000-0000-0000-0000-000000000005', 'la000000-0000-0000-0000-000000000006', 'l0000000-0000-0000-0000-000000000002', 20000.00, 15.00, 6, NOW() - INTERVAL '33 days', NOW() + INTERVAL '147 days', 'ACTIVE', NOW() - INTERVAL '33 days', NOW());

-- ============================================
-- 8. INSERT REPAYMENT SCHEDULES
-- ============================================

-- Rahul's First Loan (30000, 12%, 12 months) - EMI: 2668.42
-- 2 EMIs paid, 10 pending
INSERT INTO repayment_schedules (id, loan_id, installment_number, due_date, amount_due, principal_component, interest_component, status, paid_on, late_fee, created_at)
VALUES 
    ('rs000000-0000-0000-0000-000000000001', 'lc000000-0000-0000-0000-000000000001', 1, NOW() - INTERVAL '48 days', 2668.42, 2368.42, 300.00, 'PAID', NOW() - INTERVAL '49 days', 0.00, NOW() - INTERVAL '78 days'),
    ('rs000000-0000-0000-0000-000000000002', 'lc000000-0000-0000-0000-000000000001', 2, NOW() - INTERVAL '18 days', 2668.42, 2392.11, 276.31, 'PAID', NOW() - INTERVAL '18 days', 0.00, NOW() - INTERVAL '78 days'),
    ('rs000000-0000-0000-0000-000000000003', 'lc000000-0000-0000-0000-000000000001', 3, NOW() + INTERVAL '12 days', 2668.42, 2416.03, 252.39, 'PENDING', NULL, NULL, NOW() - INTERVAL '78 days'),
    ('rs000000-0000-0000-0000-000000000004', 'lc000000-0000-0000-0000-000000000001', 4, NOW() + INTERVAL '42 days', 2668.42, 2440.19, 228.23, 'PENDING', NULL, NULL, NOW() - INTERVAL '78 days'),
    ('rs000000-0000-0000-0000-000000000005', 'lc000000-0000-0000-0000-000000000001', 5, NOW() + INTERVAL '72 days', 2668.42, 2464.59, 203.83, 'PENDING', NULL, NULL, NOW() - INTERVAL '78 days'),
    ('rs000000-0000-0000-0000-000000000006', 'lc000000-0000-0000-0000-000000000001', 6, NOW() + INTERVAL '102 days', 2668.42, 2489.24, 179.18, 'PENDING', NULL, NULL, NOW() - INTERVAL '78 days');

-- Rahul's Second Loan (15000, 15%, 6 months) - EMI: 2641.19
-- 1 EMI paid (late), 5 pending
INSERT INTO repayment_schedules (id, loan_id, installment_number, due_date, amount_due, principal_component, interest_component, status, paid_on, late_fee, created_at)
VALUES 
    ('rs000000-0000-0000-0000-000000000011', 'lc000000-0000-0000-0000-000000000002', 1, NOW() - INTERVAL '18 days', 2641.19, 2453.69, 187.50, 'PAID', NOW() - INTERVAL '15 days', 158.47, NOW() - INTERVAL '48 days'),
    ('rs000000-0000-0000-0000-000000000012', 'lc000000-0000-0000-0000-000000000002', 2, NOW() + INTERVAL '12 days', 2641.19, 2484.36, 156.83, 'PENDING', NULL, NULL, NOW() - INTERVAL '48 days'),
    ('rs000000-0000-0000-0000-000000000013', 'lc000000-0000-0000-0000-000000000002', 3, NOW() + INTERVAL '42 days', 2641.19, 2515.41, 125.78, 'PENDING', NULL, NULL, NOW() - INTERVAL '48 days'),
    ('rs000000-0000-0000-0000-000000000014', 'lc000000-0000-0000-0000-000000000002', 4, NOW() + INTERVAL '72 days', 2641.19, 2546.85, 94.34, 'PENDING', NULL, NULL, NOW() - INTERVAL '48 days');

-- Priya's Loan (100000, 10.5%, 24 months) - EMI: 4634.85
-- 2 EMIs paid, 1 overdue
INSERT INTO repayment_schedules (id, loan_id, installment_number, due_date, amount_due, principal_component, interest_component, status, paid_on, late_fee, created_at)
VALUES 
    ('rs000000-0000-0000-0000-000000000021', 'lc000000-0000-0000-0000-000000000003', 1, NOW() - INTERVAL '33 days', 4634.85, 3759.85, 875.00, 'PAID', NOW() - INTERVAL '33 days', 0.00, NOW() - INTERVAL '63 days'),
    ('rs000000-0000-0000-0000-000000000022', 'lc000000-0000-0000-0000-000000000003', 2, NOW() - INTERVAL '3 days', 4634.85, 3792.76, 842.09, 'OVERDUE', NULL, NULL, NOW() - INTERVAL '63 days'),
    ('rs000000-0000-0000-0000-000000000023', 'lc000000-0000-0000-0000-000000000003', 3, NOW() + INTERVAL '27 days', 4634.85, 3826.00, 808.85, 'PENDING', NULL, NULL, NOW() - INTERVAL '63 days'),
    ('rs000000-0000-0000-0000-000000000024', 'lc000000-0000-0000-0000-000000000003', 4, NOW() + INTERVAL '57 days', 4634.85, 3859.58, 775.27, 'PENDING', NULL, NULL, NOW() - INTERVAL '63 days');

-- Vikram's First Loan (50000, 12%, 12 months) - EMI: 4442.37
-- 1 EMI paid
INSERT INTO repayment_schedules (id, loan_id, installment_number, due_date, amount_due, principal_component, interest_component, status, paid_on, late_fee, created_at)
VALUES 
    ('rs000000-0000-0000-0000-000000000031', 'lc000000-0000-0000-0000-000000000004', 1, NOW() - INTERVAL '18 days', 4442.37, 3942.37, 500.00, 'PAID', NOW() - INTERVAL '18 days', 0.00, NOW() - INTERVAL '48 days'),
    ('rs000000-0000-0000-0000-000000000032', 'lc000000-0000-0000-0000-000000000004', 2, NOW() + INTERVAL '12 days', 4442.37, 3981.79, 460.58, 'PENDING', NULL, NULL, NOW() - INTERVAL '48 days'),
    ('rs000000-0000-0000-0000-000000000033', 'lc000000-0000-0000-0000-000000000004', 3, NOW() + INTERVAL '42 days', 4442.37, 4021.61, 420.76, 'PENDING', NULL, NULL, NOW() - INTERVAL '48 days');

-- Vikram's Second Loan (20000, 15%, 6 months) - EMI: 3521.59
-- 1 EMI paid
INSERT INTO repayment_schedules (id, loan_id, installment_number, due_date, amount_due, principal_component, interest_component, status, paid_on, late_fee, created_at)
VALUES 
    ('rs000000-0000-0000-0000-000000000041', 'lc000000-0000-0000-0000-000000000005', 1, NOW() - INTERVAL '3 days', 3521.59, 3271.59, 250.00, 'PAID', NOW() - INTERVAL '3 days', 0.00, NOW() - INTERVAL '33 days'),
    ('rs000000-0000-0000-0000-000000000042', 'lc000000-0000-0000-0000-000000000005', 2, NOW() + INTERVAL '27 days', 3521.59, 3312.49, 209.10, 'PENDING', NULL, NULL, NOW() - INTERVAL '33 days'),
    ('rs000000-0000-0000-0000-000000000043', 'lc000000-0000-0000-0000-000000000005', 3, NOW() + INTERVAL '57 days', 3521.59, 3353.87, 167.72, 'PENDING', NULL, NULL, NOW() - INTERVAL '33 days');

-- ============================================
-- 9. INSERT REPAYMENT TRANSACTIONS
-- ============================================

INSERT INTO repayment_transactions (id, schedule_id, paid_amount, late_fee, paid_at)
VALUES 
    ('rt000000-0000-0000-0000-000000000001', 'rs000000-0000-0000-0000-000000000001', 2668.42, 0.00, NOW() - INTERVAL '49 days'),
    ('rt000000-0000-0000-0000-000000000002', 'rs000000-0000-0000-0000-000000000002', 2668.42, 0.00, NOW() - INTERVAL '18 days'),
    ('rt000000-0000-0000-0000-000000000003', 'rs000000-0000-0000-0000-000000000011', 2641.19, 158.47, NOW() - INTERVAL '15 days'),
    ('rt000000-0000-0000-0000-000000000004', 'rs000000-0000-0000-0000-000000000021', 4634.85, 0.00, NOW() - INTERVAL '33 days'),
    ('rt000000-0000-0000-0000-000000000005', 'rs000000-0000-0000-0000-000000000031', 4442.37, 0.00, NOW() - INTERVAL '18 days'),
    ('rt000000-0000-0000-0000-000000000006', 'rs000000-0000-0000-0000-000000000041', 3521.59, 0.00, NOW() - INTERVAL '3 days');

-- ============================================
-- 10. INSERT WALLET TRANSACTIONS
-- ============================================

INSERT INTO wallet_transactions (id, wallet_id, user_id, tx_type, amount, reference_type, reference_id, description, timestamp)
VALUES 
    -- Lender deposits
    ('wt000000-0000-0000-0000-000000000001', 'w0000000-0000-0000-0000-000000000002', 'l0000000-0000-0000-0000-000000000001', 'CREDIT', 600000.00, 'DEPOSIT', NULL, 'Initial wallet deposit', NOW() - INTERVAL '60 days'),
    ('wt000000-0000-0000-0000-000000000002', 'w0000000-0000-0000-0000-000000000003', 'l0000000-0000-0000-0000-000000000002', 'CREDIT', 400000.00, 'DEPOSIT', NULL, 'Initial wallet deposit', NOW() - INTERVAL '45 days'),
    ('wt000000-0000-0000-0000-000000000003', 'w0000000-0000-0000-0000-000000000004', 'l0000000-0000-0000-0000-000000000003', 'CREDIT', 300000.00, 'DEPOSIT', NULL, 'Initial wallet deposit', NOW() - INTERVAL '30 days'),
    
    -- Loan disbursals (Lender debits)
    ('wt000000-0000-0000-0000-000000000004', 'w0000000-0000-0000-0000-000000000002', 'l0000000-0000-0000-0000-000000000001', 'DEBIT', 30500.00, 'LOAN_DISBURSAL', 'lc000000-0000-0000-0000-000000000001', 'Loan disbursed to Rahul Sharma', NOW() - INTERVAL '78 days'),
    ('wt000000-0000-0000-0000-000000000005', 'w0000000-0000-0000-0000-000000000003', 'l0000000-0000-0000-0000-000000000002', 'DEBIT', 15250.00, 'LOAN_DISBURSAL', 'lc000000-0000-0000-0000-000000000002', 'Loan disbursed to Rahul Sharma', NOW() - INTERVAL '48 days'),
    ('wt000000-0000-0000-0000-000000000006', 'w0000000-0000-0000-0000-000000000002', 'l0000000-0000-0000-0000-000000000001', 'DEBIT', 101000.00, 'LOAN_DISBURSAL', 'lc000000-0000-0000-0000-000000000003', 'Loan disbursed to Priya Patel', NOW() - INTERVAL '63 days'),
    ('wt000000-0000-0000-0000-000000000007', 'w0000000-0000-0000-0000-000000000004', 'l0000000-0000-0000-0000-000000000003', 'DEBIT', 52000.00, 'LOAN_DISBURSAL', 'lc000000-0000-0000-0000-000000000004', 'Loan disbursed to Vikram Singh', NOW() - INTERVAL '48 days'),
    ('wt000000-0000-0000-0000-000000000008', 'w0000000-0000-0000-0000-000000000003', 'l0000000-0000-0000-0000-000000000002', 'DEBIT', 20750.00, 'LOAN_DISBURSAL', 'lc000000-0000-0000-0000-000000000005', 'Loan disbursed to Vikram Singh', NOW() - INTERVAL '33 days'),
    
    -- Loan disbursals (Borrower credits)
    ('wt000000-0000-0000-0000-000000000009', 'w0000000-0000-0000-0000-000000000005', 'b0000000-0000-0000-0000-000000000001', 'CREDIT', 30000.00, 'LOAN_DISBURSAL', 'lc000000-0000-0000-0000-000000000001', 'Loan received from Amit Kumar', NOW() - INTERVAL '78 days'),
    ('wt000000-0000-0000-0000-000000000010', 'w0000000-0000-0000-0000-000000000005', 'b0000000-0000-0000-0000-000000000001', 'CREDIT', 15000.00, 'LOAN_DISBURSAL', 'lc000000-0000-0000-0000-000000000002', 'Loan received from Sunita Verma', NOW() - INTERVAL '48 days'),
    ('wt000000-0000-0000-0000-000000000011', 'w0000000-0000-0000-0000-000000000006', 'b0000000-0000-0000-0000-000000000002', 'CREDIT', 100000.00, 'LOAN_DISBURSAL', 'lc000000-0000-0000-0000-000000000003', 'Loan received from Amit Kumar', NOW() - INTERVAL '63 days'),
    ('wt000000-0000-0000-0000-000000000012', 'w0000000-0000-0000-0000-000000000007', 'b0000000-0000-0000-0000-000000000003', 'CREDIT', 50000.00, 'LOAN_DISBURSAL', 'lc000000-0000-0000-0000-000000000004', 'Loan received from Rajesh Gupta', NOW() - INTERVAL '48 days'),
    ('wt000000-0000-0000-0000-000000000013', 'w0000000-0000-0000-0000-000000000007', 'b0000000-0000-0000-0000-000000000003', 'CREDIT', 20000.00, 'LOAN_DISBURSAL', 'lc000000-0000-0000-0000-000000000005', 'Loan received from Sunita Verma', NOW() - INTERVAL '33 days'),
    
    -- Repayments (Borrower debits)
    ('wt000000-0000-0000-0000-000000000014', 'w0000000-0000-0000-0000-000000000005', 'b0000000-0000-0000-0000-000000000001', 'DEBIT', 2668.42, 'REPAYMENT', 'rs000000-0000-0000-0000-000000000001', 'EMI payment for loan', NOW() - INTERVAL '49 days'),
    ('wt000000-0000-0000-0000-000000000015', 'w0000000-0000-0000-0000-000000000005', 'b0000000-0000-0000-0000-000000000001', 'DEBIT', 2668.42, 'REPAYMENT', 'rs000000-0000-0000-0000-000000000002', 'EMI payment for loan', NOW() - INTERVAL '18 days'),
    ('wt000000-0000-0000-0000-000000000016', 'w0000000-0000-0000-0000-000000000005', 'b0000000-0000-0000-0000-000000000001', 'DEBIT', 2799.66, 'REPAYMENT', 'rs000000-0000-0000-0000-000000000011', 'EMI payment (with late fee)', NOW() - INTERVAL '15 days'),
    ('wt000000-0000-0000-0000-000000000017', 'w0000000-0000-0000-0000-000000000006', 'b0000000-0000-0000-0000-000000000002', 'DEBIT', 4634.85, 'REPAYMENT', 'rs000000-0000-0000-0000-000000000021', 'EMI payment for education loan', NOW() - INTERVAL '33 days'),
    ('wt000000-0000-0000-0000-000000000018', 'w0000000-0000-0000-0000-000000000007', 'b0000000-0000-0000-0000-000000000003', 'DEBIT', 4442.37, 'REPAYMENT', 'rs000000-0000-0000-0000-000000000031', 'EMI payment for loan', NOW() - INTERVAL '18 days'),
    ('wt000000-0000-0000-0000-000000000019', 'w0000000-0000-0000-0000-000000000007', 'b0000000-0000-0000-0000-000000000003', 'DEBIT', 3521.59, 'REPAYMENT', 'rs000000-0000-0000-0000-000000000041', 'EMI payment for loan', NOW() - INTERVAL '3 days'),
    
    -- Repayments (Lender credits)
    ('wt000000-0000-0000-0000-000000000020', 'w0000000-0000-0000-0000-000000000002', 'l0000000-0000-0000-0000-000000000001', 'CREDIT', 2668.42, 'REPAYMENT', 'rs000000-0000-0000-0000-000000000001', 'EMI received from Rahul Sharma', NOW() - INTERVAL '49 days'),
    ('wt000000-0000-0000-0000-000000000021', 'w0000000-0000-0000-0000-000000000002', 'l0000000-0000-0000-0000-000000000001', 'CREDIT', 2668.42, 'REPAYMENT', 'rs000000-0000-0000-0000-000000000002', 'EMI received from Rahul Sharma', NOW() - INTERVAL '18 days'),
    ('wt000000-0000-0000-0000-000000000022', 'w0000000-0000-0000-0000-000000000003', 'l0000000-0000-0000-0000-000000000002', 'CREDIT', 2799.66, 'REPAYMENT', 'rs000000-0000-0000-0000-000000000011', 'EMI received from Rahul Sharma (with late fee)', NOW() - INTERVAL '15 days'),
    ('wt000000-0000-0000-0000-000000000023', 'w0000000-0000-0000-0000-000000000002', 'l0000000-0000-0000-0000-000000000001', 'CREDIT', 4634.85, 'REPAYMENT', 'rs000000-0000-0000-0000-000000000021', 'EMI received from Priya Patel', NOW() - INTERVAL '33 days'),
    ('wt000000-0000-0000-0000-000000000024', 'w0000000-0000-0000-0000-000000000004', 'l0000000-0000-0000-0000-000000000003', 'CREDIT', 4442.37, 'REPAYMENT', 'rs000000-0000-0000-0000-000000000031', 'EMI received from Vikram Singh', NOW() - INTERVAL '18 days'),
    ('wt000000-0000-0000-0000-000000000025', 'w0000000-0000-0000-0000-000000000003', 'l0000000-0000-0000-0000-000000000002', 'CREDIT', 3521.59, 'REPAYMENT', 'rs000000-0000-0000-0000-000000000041', 'EMI received from Vikram Singh', NOW() - INTERVAL '3 days'),
    
    -- Borrower deposits
    ('wt000000-0000-0000-0000-000000000026', 'w0000000-0000-0000-0000-000000000005', 'b0000000-0000-0000-0000-000000000001', 'CREDIT', 25000.00, 'DEPOSIT', NULL, 'Wallet deposit via bank transfer', NOW() - INTERVAL '55 days'),
    ('wt000000-0000-0000-0000-000000000027', 'w0000000-0000-0000-0000-000000000006', 'b0000000-0000-0000-0000-000000000002', 'CREDIT', 15000.00, 'DEPOSIT', NULL, 'Wallet deposit via UPI', NOW() - INTERVAL '40 days'),
    ('wt000000-0000-0000-0000-000000000028', 'w0000000-0000-0000-0000-000000000007', 'b0000000-0000-0000-0000-000000000003', 'CREDIT', 20000.00, 'DEPOSIT', NULL, 'Wallet deposit', NOW() - INTERVAL '25 days'),
    
    -- Withdrawals
    ('wt000000-0000-0000-0000-000000000029', 'w0000000-0000-0000-0000-000000000005', 'b0000000-0000-0000-0000-000000000001', 'DEBIT', 10000.00, 'WITHDRAWAL', NULL, 'Withdrawal to bank account', NOW() - INTERVAL '30 days'),
    ('wt000000-0000-0000-0000-000000000030', 'w0000000-0000-0000-0000-000000000006', 'b0000000-0000-0000-0000-000000000002', 'DEBIT', 5000.00, 'WITHDRAWAL', NULL, 'Withdrawal to bank account', NOW() - INTERVAL '20 days');

-- ============================================
-- 11. INSERT NOTIFICATION LOGS
-- ============================================

INSERT INTO notification_logs (id, user_id, message, type, is_read, created_at)
VALUES 
    -- Loan approval notifications
    ('n0000000-0000-0000-0000-000000000001', 'b0000000-0000-0000-0000-000000000001', 'Congratulations! Your loan application of ₹30,000 has been approved!', 'LOAN_APPROVED', TRUE, NOW() - INTERVAL '79 days'),
    ('n0000000-0000-0000-0000-000000000002', 'b0000000-0000-0000-0000-000000000001', 'Your loan of ₹30,000 has been disbursed to your wallet', 'WALLET_CREDIT', TRUE, NOW() - INTERVAL '78 days'),
    ('n0000000-0000-0000-0000-000000000003', 'b0000000-0000-0000-0000-000000000001', 'Congratulations! Your loan application of ₹15,000 has been approved!', 'LOAN_APPROVED', TRUE, NOW() - INTERVAL '49 days'),
    ('n0000000-0000-0000-0000-000000000004', 'b0000000-0000-0000-0000-000000000002', 'Congratulations! Your loan application of ₹100,000 has been approved!', 'LOAN_APPROVED', TRUE, NOW() - INTERVAL '64 days'),
    ('n0000000-0000-0000-0000-000000000005', 'b0000000-0000-0000-0000-000000000002', 'Your loan application has been rejected. Reason: Insufficient credit score for luxury expenses', 'LOAN_REJECTED', TRUE, NOW() - INTERVAL '29 days'),
    ('n0000000-0000-0000-0000-000000000006', 'b0000000-0000-0000-0000-000000000003', 'Congratulations! Your loan application of ₹50,000 has been approved!', 'LOAN_APPROVED', TRUE, NOW() - INTERVAL '49 days'),
    
    -- EMI due notifications
    ('n0000000-0000-0000-0000-000000000007', 'b0000000-0000-0000-0000-000000000001', 'EMI of ₹2,668.42 is due on ' || TO_CHAR(NOW() + INTERVAL '12 days', 'YYYY-MM-DD'), 'EMI_DUE', FALSE, NOW() - INTERVAL '2 days'),
    ('n0000000-0000-0000-0000-000000000008', 'b0000000-0000-0000-0000-000000000002', 'EMI of ₹4,634.85 is overdue! Late fee is being applied.', 'EMI_OVERDUE', FALSE, NOW() - INTERVAL '2 days'),
    ('n0000000-0000-0000-0000-000000000009', 'b0000000-0000-0000-0000-000000000003', 'EMI of ₹4,442.37 is due on ' || TO_CHAR(NOW() + INTERVAL '12 days', 'YYYY-MM-DD'), 'EMI_DUE', FALSE, NOW() - INTERVAL '2 days'),
    
    -- Repayment success notifications
    ('n0000000-0000-0000-0000-000000000010', 'b0000000-0000-0000-0000-000000000001', 'EMI payment of ₹2,668.42 successful', 'REPAYMENT_SUCCESS', TRUE, NOW() - INTERVAL '49 days'),
    ('n0000000-0000-0000-0000-000000000011', 'b0000000-0000-0000-0000-000000000001', 'EMI payment of ₹2,668.42 successful', 'REPAYMENT_SUCCESS', TRUE, NOW() - INTERVAL '18 days'),
    ('n0000000-0000-0000-0000-000000000012', 'b0000000-0000-0000-0000-000000000001', 'EMI payment of ₹2,799.66 successful (includes late fee of ₹158.47)', 'REPAYMENT_SUCCESS', TRUE, NOW() - INTERVAL '15 days'),
    
    -- Lender notifications
    ('n0000000-0000-0000-0000-000000000013', 'l0000000-0000-0000-0000-000000000001', 'EMI payment of ₹2,668.42 received from Rahul Sharma', 'WALLET_CREDIT', TRUE, NOW() - INTERVAL '49 days'),
    ('n0000000-0000-0000-0000-000000000014', 'l0000000-0000-0000-0000-000000000001', 'EMI payment of ₹4,634.85 received from Priya Patel', 'WALLET_CREDIT', TRUE, NOW() - INTERVAL '33 days'),
    
    -- KYC notifications
    ('n0000000-0000-0000-0000-000000000015', 'b0000000-0000-0000-0000-000000000001', 'Your KYC document (AADHAAR) has been verified successfully', 'KYC_VERIFIED', TRUE, NOW() - INTERVAL '85 days'),
    ('n0000000-0000-0000-0000-000000000016', 'b0000000-0000-0000-0000-000000000005', 'Your KYC document (AADHAAR) has been rejected. Please resubmit.', 'KYC_REJECTED', FALSE, NOW() - INTERVAL '24 days');

-- ============================================
-- 12. INSERT AUDIT LOGS
-- ============================================

INSERT INTO audit_logs (id, user_id, action, entity_type, entity_id, old_values, new_values, ip_address, created_at)
VALUES 
    ('al000000-0000-0000-0000-000000000001', 'b0000000-0000-0000-0000-000000000001', 'CREATE', 'User', 'b0000000-0000-0000-0000-000000000001', NULL, '{"name": "Rahul Sharma", "email": "rahul@example.com"}', '192.168.1.100', NOW() - INTERVAL '90 days'),
    ('al000000-0000-0000-0000-000000000002', 'b0000000-0000-0000-0000-000000000001', 'KYC_SUBMIT', 'KYCDocument', 'k0000000-0000-0000-0000-000000000001', NULL, '{"doc_type": "AADHAAR", "status": "PENDING"}', '192.168.1.100', NOW() - INTERVAL '88 days'),
    ('al000000-0000-0000-0000-000000000003', 'a0000000-0000-0000-0000-000000000001', 'KYC_VERIFY', 'KYCDocument', 'k0000000-0000-0000-0000-000000000001', '{"status": "PENDING"}', '{"status": "VERIFIED"}', '192.168.1.1', NOW() - INTERVAL '85 days'),
    ('al000000-0000-0000-0000-000000000004', 'b0000000-0000-0000-0000-000000000001', 'LOAN_APPLY', 'LoanApplication', 'la000000-0000-0000-0000-000000000001', NULL, '{"amount": 30000, "status": "PENDING"}', '192.168.1.100', NOW() - INTERVAL '80 days'),
    ('al000000-0000-0000-0000-000000000005', 'a0000000-0000-0000-0000-000000000001', 'LOAN_APPROVE', 'LoanApplication', 'la000000-0000-0000-0000-000000000001', '{"status": "PENDING"}', '{"status": "APPROVED"}', '192.168.1.1', NOW() - INTERVAL '79 days'),
    ('al000000-0000-0000-0000-000000000006', 'b0000000-0000-0000-0000-000000000001', 'WALLET_DEPOSIT', 'Wallet', 'w0000000-0000-0000-0000-000000000005', '{"balance": 30000}', '{"balance": 55000}', '192.168.1.100', NOW() - INTERVAL '55 days'),
    ('al000000-0000-0000-0000-000000000007', 'b0000000-0000-0000-0000-000000000001', 'PAYMENT_MADE', 'RepaymentSchedule', 'rs000000-0000-0000-0000-000000000001', '{"status": "PENDING"}', '{"status": "PAID"}', '192.168.1.100', NOW() - INTERVAL '49 days'),
    ('al000000-0000-0000-0000-000000000008', 'a0000000-0000-0000-0000-000000000001', 'LOAN_REJECT', 'LoanApplication', 'la000000-0000-0000-0000-000000000004', '{"status": "PENDING"}', '{"status": "REJECTED"}', '192.168.1.1', NOW() - INTERVAL '29 days'),
    ('al000000-0000-0000-0000-000000000009', 'b0000000-0000-0000-0000-000000000001', 'WALLET_WITHDRAW', 'Wallet', 'w0000000-0000-0000-0000-000000000005', '{"balance": 55000}', '{"balance": 45000}', '192.168.1.100', NOW() - INTERVAL '30 days'),
    ('al000000-0000-0000-0000-000000000010', 'l0000000-0000-0000-0000-000000000001', 'LOGIN', 'User', 'l0000000-0000-0000-0000-000000000001', NULL, NULL, '192.168.1.50', NOW() - INTERVAL '1 day');
